{"cameraMode":{"drawMode":0,"name":"Shaded","section":"Shading Mode"},"sceneLighting":true,"audioPlay":false,"sceneViewState":{"m_AlwaysRefresh":false,"showFog":true,"showSkybox":true,"showFlares":true,"showImageEffects":true,"showParticleSystems":true,"showVisualEffectGraphs":true,"m_FxEnabled":true},"in2DMode":false,"pivot":{"x":1.094125747680664,"y":-1.3551361560821534,"z":1.8194725513458253},"rotation":{"x":-0.16275064647197724,"y":-0.4564502239227295,"z":0.08532458543777466,"w":-0.8705770373344421},"size":3.2368922233581545,"orthographic":false}