{"cameraMode":{"drawMode":0,"name":"Shaded","section":"Shading Mode"},"sceneLighting":true,"audioPlay":false,"sceneViewState":{"m_AlwaysRefresh":false,"showFog":true,"showSkybox":true,"showFlares":true,"showImageEffects":true,"showParticleSystems":true,"showVisualEffectGraphs":true,"m_FxEnabled":true},"in2DMode":false,"pivot":{"x":0.07534155249595642,"y":0.07508045434951782,"z":0.5341255068778992},"rotation":{"x":-0.08815445750951767,"y":0.030972018837928773,"z":-0.002740496536716819,"w":-0.9956446886062622},"size":0.17721571028232575,"orthographic":true}