{"cameraMode":{"drawMode":0,"name":"Shaded","section":"Shading Mode"},"sceneLighting":true,"audioPlay":false,"sceneViewState":{"m_AlwaysRefresh":false,"showFog":true,"showSkybox":true,"showFlares":true,"showImageEffects":true,"showParticleSystems":true,"showVisualEffectGraphs":true,"m_FxEnabled":true},"in2DMode":false,"pivot":{"x":0.09587688744068146,"y":-0.0922994613647461,"z":1.362842082977295},"rotation":{"x":-0.052784837782382968,"y":-0.0023995465599000456,"z":0.00012683321256190538,"w":-0.9986039996147156},"size":0.5926600098609924,"orthographic":false}