{"cameraMode":{"drawMode":0,"name":"Shaded","section":"Shading Mode"},"sceneLighting":true,"audioPlay":false,"sceneViewState":{"m_AlwaysRefresh":false,"showFog":true,"showSkybox":true,"showFlares":true,"showImageEffects":true,"showParticleSystems":true,"showVisualEffectGraphs":true,"m_FxEnabled":true},"in2DMode":false,"pivot":{"x":0.16402827203273774,"y":0.1340184360742569,"z":-0.005037602037191391},"rotation":{"x":-0.08369012176990509,"y":0.02351321093738079,"z":-0.0019730536732822658,"w":-0.9962343573570252},"size":0.11684294044971466,"orthographic":true}