{"cameraMode":{"drawMode":0,"name":"Shaded","section":"Shading Mode"},"sceneLighting":true,"audioPlay":false,"sceneViewState":{"m_AlwaysRefresh":false,"showFog":true,"showSkybox":true,"showFlares":true,"showImageEffects":true,"showParticleSystems":true,"showVisualEffectGraphs":true,"m_FxEnabled":true},"in2DMode":false,"pivot":{"x":-0.5823191404342651,"y":-0.11678504943847656,"z":1.0055688619613648},"rotation":{"x":-0.05137275159358978,"y":-0.2954889237880707,"z":0.01593104936182499,"w":-0.9538798332214356},"size":0.5975873470306397,"orthographic":true}