{"cameraMode":{"drawMode":0,"name":"Shaded","section":"Shading Mode"},"sceneLighting":true,"audioPlay":false,"sceneViewState":{"m_AlwaysRefresh":false,"showFog":true,"showSkybox":true,"showFlares":true,"showImageEffects":true,"showParticleSystems":true,"showVisualEffectGraphs":true,"m_FxEnabled":true},"in2DMode":false,"pivot":{"x":0.09918041527271271,"y":-1.566236138343811,"z":0.17445236444473267},"rotation":{"x":-0.13735735416412354,"y":0.018917659297585489,"z":-0.002603490836918354,"w":-0.9903987050056458},"size":2.5285563468933107,"orthographic":true}