{"cameraMode":{"drawMode":0,"name":"Shaded","section":"Shading Mode"},"sceneLighting":true,"audioPlay":false,"sceneViewState":{"m_AlwaysRefresh":false,"showFog":true,"showSkybox":true,"showFlares":true,"showImageEffects":true,"showParticleSystems":true,"showVisualEffectGraphs":true,"m_FxEnabled":true},"in2DMode":false,"pivot":{"x":0.07159973680973053,"y":0.1321367621421814,"z":0.49602699279785159},"rotation":{"x":0.08102980256080628,"y":0.04294213652610779,"z":0.0035141000989824535,"w":-0.9958378672599793},"size":0.43831920623779299,"orthographic":true}