{"cameraMode":{"drawMode":0,"name":"Shaded","section":"Shading Mode"},"sceneLighting":true,"audioPlay":false,"sceneViewState":{"m_AlwaysRefresh":false,"showFog":true,"showSkybox":true,"showFlares":true,"showImageEffects":true,"showParticleSystems":true,"showVisualEffectGraphs":true,"m_FxEnabled":true},"in2DMode":false,"pivot":{"x":0.07522710412740708,"y":-0.1479802131652832,"z":0.5197046399116516},"rotation":{"x":-0.020116450265049936,"y":-0.6061344146728516,"z":0.015356597490608693,"w":-0.7950147986412048},"size":0.4120205342769623,"orthographic":true}