{"cameraMode":{"drawMode":0,"name":"Shaded","section":"Shading Mode"},"sceneLighting":true,"audioPlay":false,"sceneViewState":{"m_AlwaysRefresh":false,"showFog":true,"showSkybox":true,"showFlares":true,"showImageEffects":true,"showParticleSystems":true,"showVisualEffectGraphs":true,"m_FxEnabled":true},"in2DMode":false,"pivot":{"x":0.08271004259586334,"y":0.0109487883746624,"z":0.5096257925033569},"rotation":{"x":-0.01030318345874548,"y":-0.034894708544015887,"z":0.0003757928207051009,"w":-0.9993890523910523},"size":0.19827426970005036,"orthographic":true}