{"cameraMode":{"drawMode":0,"name":"Shaded","section":"Shading Mode"},"sceneLighting":true,"audioPlay":false,"sceneViewState":{"m_AlwaysRefresh":false,"showFog":true,"showSkybox":true,"showFlares":true,"showImageEffects":true,"showParticleSystems":true,"showVisualEffectGraphs":true,"m_FxEnabled":true},"in2DMode":false,"pivot":{"x":-0.8686633110046387,"y":-0.204708993434906,"z":-0.47102826833724978},"rotation":{"x":-0.046980731189250949,"y":0.879863977432251,"z":-0.08900032937526703,"w":-0.4644591808319092},"size":6.9713640213012699,"orthographic":false}