{"cameraMode":{"drawMode":0,"name":"Shaded","section":"Shading Mode"},"sceneLighting":false,"audioPlay":false,"sceneViewState":{"m_AlwaysRefresh":false,"showFog":true,"showSkybox":false,"showFlares":true,"showImageEffects":true,"showParticleSystems":true,"showVisualEffectGraphs":true,"m_FxEnabled":true},"in2DMode":false,"pivot":{"x":-0.2329999953508377,"y":-0.17000000178813935,"z":0.5341255068778992},"rotation":{"x":-0.058092229068279269,"y":-0.07968460768461228,"z":0.004662729799747467,"w":-0.9951580762863159},"size":0.004330122843384743,"orthographic":true}