{"cameraMode":{"drawMode":0,"name":"Shaded","section":"Shading Mode"},"sceneLighting":false,"audioPlay":false,"sceneViewState":{"m_AlwaysRefresh":false,"showFog":true,"showSkybox":false,"showFlares":true,"showImageEffects":true,"showParticleSystems":true,"showVisualEffectGraphs":true,"m_FxEnabled":true},"in2DMode":false,"pivot":{"x":0.000009345822036266327,"y":-0.00042143743485212326,"z":0.0},"rotation":{"x":-0.005809883587062359,"y":0.0010976498015224934,"z":0.0000161533407663228,"w":-1.0000369548797608},"size":0.017575087025761606,"orthographic":true}