{"cameraMode":{"drawMode":0,"name":"Shaded","section":"Shading Mode"},"sceneLighting":false,"audioPlay":false,"sceneViewState":{"m_AlwaysRefresh":false,"showFog":true,"showSkybox":false,"showFlares":true,"showImageEffects":true,"showParticleSystems":true,"showVisualEffectGraphs":true,"m_FxEnabled":true},"in2DMode":false,"pivot":{"x":-0.023022115230560304,"y":0.05053013563156128,"z":-0.028638482093811036},"rotation":{"x":-0.16995637118816377,"y":-0.5728261470794678,"z":0.12293003499507904,"w":-0.7924696207046509},"size":0.05467471480369568,"orthographic":true}